{"cameraMode":{"drawMode":0,"name":"Shaded","section":"Shading Mode"},"sceneLighting":true,"audioPlay":false,"sceneViewState":{"m_AlwaysRefresh":false,"showFog":true,"showSkybox":true,"showFlares":true,"showImageEffects":true,"showParticleSystems":true,"showVisualEffectGraphs":true,"m_FxEnabled":true},"in2DMode":false,"pivot":{"x":492.47564697265627,"y":553.234619140625,"z":-121.51312255859375},"rotation":{"x":-0.0074926214292645458,"y":0.04407729208469391,"z":-0.0003302738186903298,"w":-0.9990049600601196},"size":323.2721252441406,"orthographic":true}