{"cameraMode":{"drawMode":0,"name":"Shaded","section":"Shading Mode"},"sceneLighting":true,"audioPlay":false,"sceneViewState":{"m_AlwaysRefresh":false,"showFog":true,"showSkybox":true,"showFlares":true,"showImageEffects":true,"showParticleSystems":true,"showVisualEffectGraphs":true,"m_FxEnabled":true},"in2DMode":false,"pivot":{"x":134.71133422851563,"y":-41.649959564208987,"z":75.98226165771485},"rotation":{"x":0.2889055609703064,"y":-0.37788909673690798,"z":0.12539491057395936,"w":0.8706392645835877},"size":56.12152862548828,"orthographic":false}