{"cameraMode":{"drawMode":0,"name":"Shaded","section":"Shading Mode"},"sceneLighting":true,"audioPlay":false,"sceneViewState":{"m_AlwaysRefresh":false,"showFog":true,"showSkybox":true,"showFlares":true,"showImageEffects":true,"showParticleSystems":true,"showVisualEffectGraphs":true,"m_FxEnabled":true},"in2DMode":false,"pivot":{"x":143.8699951171875,"y":-0.000003814697265625,"z":20.620010375976564},"rotation":{"x":0.12883715331554414,"y":-0.8401789665222168,"z":0.22792023420333863,"w":0.4749336540699005},"size":11.27514934539795,"orthographic":false}