{"cameraMode":{"drawMode":0,"name":"Shaded","section":"Shading Mode"},"sceneLighting":true,"audioPlay":false,"sceneViewState":{"m_AlwaysRefresh":false,"showFog":true,"showSkybox":true,"showFlares":true,"showImageEffects":true,"showParticleSystems":true,"showVisualEffectGraphs":true,"m_FxEnabled":true},"in2DMode":false,"pivot":{"x":853.4808349609375,"y":451.7211608886719,"z":419.7089538574219},"rotation":{"x":0.011999660171568394,"y":0.0029997790697962047,"z":-0.000035998968087369576,"w":0.9999235272407532},"size":510.38385009765627,"orthographic":false}